<?xml version="1.0" encoding="UTF-8"?>
<project-private xmlns="http://www.netbeans.org/ns/project-private/1">
    <editor-bookmarks xmlns="http://www.netbeans.org/ns/editor-bookmarks/2" lastBookmarkId="0"/>
    <open-files xmlns="http://www.netbeans.org/ns/projectui-open-files/2">
        <group>
            <file>file:/D:/Documents/Universidad/Semestre%206/ico/6TO%20SEMESTRE/INGENIERIA%20DE%20SOFTWARE%20II/dulceriaWeb/web/AcercaNos.xhtml</file>
            <file>file:/D:/Documents/Universidad/Semestre%206/ico/6TO%20SEMESTRE/INGENIERIA%20DE%20SOFTWARE%20II/dulceriaWeb/web/index.xhtml</file>
            <file>file:/D:/Documents/Universidad/Semestre%206/ico/6TO%20SEMESTRE/INGENIERIA%20DE%20SOFTWARE%20II/dulceriaWeb/src/java/Persistencia/NewHibernateUtil.java</file>
            <file>file:/D:/Documents/Universidad/Semestre%206/ico/6TO%20SEMESTRE/INGENIERIA%20DE%20SOFTWARE%20II/dulceriaWeb/src/java/Persistencia/hibernate.cfg.xml</file>
            <file>file:/D:/Documents/Universidad/Semestre%206/ico/6TO%20SEMESTRE/INGENIERIA%20DE%20SOFTWARE%20II/dulceriaWeb/src/java/Persistencia/hibernate.reveng.xml</file>
            <file>file:/D:/Documents/Universidad/Semestre%206/ico/6TO%20SEMESTRE/INGENIERIA%20DE%20SOFTWARE%20II/dulceriaWeb/web/iniciarSesion.xhtml</file>
            <file>file:/D:/Documents/Universidad/Semestre%206/ico/6TO%20SEMESTRE/INGENIERIA%20DE%20SOFTWARE%20II/dulceriaWeb/web/Inicio.xhtml</file>
            <file>file:/D:/Documents/Universidad/Semestre%206/ico/6TO%20SEMESTRE/INGENIERIA%20DE%20SOFTWARE%20II/dulceriaWeb/src/java/Bean/EmpleadosBean.java</file>
            <file>file:/D:/Documents/Universidad/Semestre%206/ico/6TO%20SEMESTRE/INGENIERIA%20DE%20SOFTWARE%20II/dulceriaWeb/src/java/DAO/EmpleadosDaoImplement.java</file>
        </group>
    </open-files>
</project-private>
