<?xml version="1.0"?>
<!DOCTYPE hibernate-mapping PUBLIC "-//Hibernate/Hibernate Mapping DTD 3.0//EN"
"http://www.hibernate.org/dtd/hibernate-mapping-3.0.dtd">
<!-- Generated 12-abr-2023 12:55:11 by Hibernate Tools 4.3.1 -->
<hibernate-mapping>
    <class name="Modelo.Productos" table="productos" catalog="dulceria" optimistic-lock="version">
        <id name="codigo" type="int">
            <column name="codigo" />
            <generator class="assigned" />
        </id>
        <property name="nombre" type="string">
            <column name="nombre" length="40" />
        </property>
        <property name="cantidad" type="java.lang.Integer">
            <column name="cantidad" />
        </property>
        <property name="precio" type="java.lang.Double">
            <column name="precio" precision="22" scale="0" />
        </property>
        <property name="fechaCad" type="date">
            <column name="fechaCad" length="10" />
        </property>
        <set name="facturas" table="factura" inverse="true" lazy="true" fetch="select">
            <key>
                <column name="codigo" />
            </key>
            <one-to-many class="Modelo.Factura" />
        </set>
    </class>
</hibernate-mapping>
